,cell_type_0,cell_type_1,cell_type_2
spot_0,0.10790903,0.07334243,0.81874853
spot_1,0.11479333,0.77380216,0.11140452
spot_2,0.04136887,0.17203945,0.7865917
spot_3,0.11511024,0.022277972,0.8626118
spot_4,0.06840149,0.22213341,0.7094651
spot_5,0.3781232,0.041569185,0.58030766
spot_6,0.22562988,0.41822168,0.35614842
spot_7,0.40179452,0.180984,0.4172215
spot_8,0.13812527,0.18305886,0.67881584
spot_9,0.42985085,0.2762494,0.29389974
